{
  "config": {
    "preset": "paper_medium",
    "meta_epochs": 20,
    "meta_tasks": 60,
    "n_runs": 3,
    "sequence_length": 8,
    "matrix_sizes": [
      225,
      400,
      625
    ],
    "contrasts": [
      100.0,
      10000.0,
      1000000.0
    ],
    "stokes_nx": 8,
    "stokes_ny": 8,
    "stokes_picard_iterations": 4,
    "stokes_rayleigh": 10000.0,
    "stokes_viscosity_contrast": 100.0
  },
  "experiment_2": [
    {
      "matrix_size": 225,
      "traditional": {
        "method": "traditional",
        "n_seeds": 3,
        "setup_time_mean_mean": 0.03421613574028015,
        "setup_time_mean_std": 0.001858308934683345,
        "solve_time_mean_mean": 0.09199602405230205,
        "solve_time_mean_std": 0.006163764170669286,
        "total_time_mean_mean": 0.12622408072153726,
        "total_time_mean_std": 0.00801719954602714,
        "iterations_mean_mean": 100.0,
        "iterations_mean_std": 0.0,
        "residual_norm_mean_mean": 8.65149443325291e-05,
        "residual_norm_mean_std": 3.711227804560238e-05,
        "fallback_rate_mean": 0.0,
        "fallback_rate_std": 0.0,
        "accepted_rate_mean": 1.0,
        "accepted_rate_std": 0.0
      },
      "reuse": {
        "method": "reuse",
        "n_seeds": 3,
        "setup_time_mean_mean": 0.0056988100210825605,
        "setup_time_mean_std": 0.00014892244916553656,
        "solve_time_mean_mean": 0.015516122182210287,
        "solve_time_mean_std": 0.00027096538805019714,
        "total_time_mean_mean": 0.02123953898747762,
        "total_time_mean_std": 0.0004104821496185041,
        "iterations_mean_mean": 13.375,
        "iterations_mean_std": 0.0,
        "residual_norm_mean_mean": 4.5037270630202545e-06,
        "residual_norm_mean_std": 2.873341745545463e-06,
        "fallback_rate_mean": 0.0,
        "fallback_rate_std": 0.0,
        "accepted_rate_mean": 1.0,
        "accepted_rate_std": 0.0
      },
      "zero_shot": {
        "method": "zero_shot",
        "n_seeds": 3,
        "setup_time_mean_mean": 0.013673712809880575,
        "setup_time_mean_std": 6.650923302563352e-05,
        "solve_time_mean_mean": 0.074160635471344,
        "solve_time_mean_std": 0.000406109490367777,
        "total_time_mean_mean": 0.08786768714586894,
        "total_time_mean_std": 0.0004533184522152016,
        "iterations_mean_mean": 100.0,
        "iterations_mean_std": 0.0,
        "residual_norm_mean_mean": 0.23804930015409687,
        "residual_norm_mean_std": 0.13010458918610437,
        "fallback_rate_mean": 0.0,
        "fallback_rate_std": 0.0,
        "accepted_rate_mean": 1.0,
        "accepted_rate_std": 0.0
      },
      "adapted": {
        "method": "adapted",
        "n_seeds": 3,
        "setup_time_mean_mean": 0.013789077599843344,
        "setup_time_mean_std": 0.00013083914293834784,
        "solve_time_mean_mean": 0.07457564274470012,
        "solve_time_mean_std": 0.0004041502783231396,
        "total_time_mean_mean": 0.08840495347976685,
        "total_time_mean_std": 0.00046424289883178886,
        "iterations_mean_mean": 100.0,
        "iterations_mean_std": 0.0,
        "residual_norm_mean_mean": 0.23188220985062302,
        "residual_norm_mean_std": 0.12919267322164674,
        "fallback_rate_mean": 0.0,
        "fallback_rate_std": 0.0,
        "accepted_rate_mean": 1.0,
        "accepted_rate_std": 0.0
      },
      "adapt_speedup_vs_traditional": 2.481394095618758,
      "reuse_speedup_vs_traditional": 6.004084293685644
    },
    {
      "matrix_size": 400,
      "traditional": {
        "method": "traditional",
        "n_seeds": 3,
        "setup_time_mean_mean": 0.11204748352368672,
        "setup_time_mean_std": 0.0019753779920724203,
        "solve_time_mean_mean": 0.18944748242696127,
        "solve_time_mean_std": 0.005251327564306614,
        "total_time_mean_mean": 0.30150725444157916,
        "total_time_mean_std": 0.007226611288981028,
        "iterations_mean_mean": 100.0,
        "iterations_mean_std": 0.0,
        "residual_norm_mean_mean": 1.1771451455624486,
        "residual_norm_mean_std": 1.0806180464941106,
        "fallback_rate_mean": 0.0,
        "fallback_rate_std": 0.0,
        "accepted_rate_mean": 1.0,
        "accepted_rate_std": 0.0
      },
      "reuse": {
        "method": "reuse",
        "n_seeds": 3,
        "setup_time_mean_mean": 0.01719968517621358,
        "setup_time_mean_std": 0.00010439767097387257,
        "solve_time_mean_mean": 0.02890010674794515,
        "solve_time_mean_std": 9.616851354627559e-05,
        "total_time_mean_mean": 0.046127259731292725,
        "total_time_mean_std": 0.00017723996286045298,
        "iterations_mean_mean": 13.375,
        "iterations_mean_std": 0.0,
        "residual_norm_mean_mean": 0.0006152652039894376,
        "residual_norm_mean_std": 0.00018332694009132487,
        "fallback_rate_mean": 0.0,
        "fallback_rate_std": 0.0,
        "accepted_rate_mean": 1.0,
        "accepted_rate_std": 0.0
      },
      "zero_shot": {
        "method": "zero_shot",
        "n_seeds": 3,
        "setup_time_mean_mean": 0.03215218583742777,
        "setup_time_mean_std": 4.209298085390855e-05,
        "solve_time_mean_mean": 0.09005797902743022,
        "solve_time_mean_std": 0.00032499158072742053,
        "total_time_mean_mean": 0.1222488284111023,
        "total_time_mean_std": 0.0003567559097762816,
        "iterations_mean_mean": 100.0,
        "iterations_mean_std": 0.0,
        "residual_norm_mean_mean": 3.9005822406737196,
        "residual_norm_mean_std": 0.8958482308837349,
        "fallback_rate_mean": 0.0,
        "fallback_rate_std": 0.0,
        "accepted_rate_mean": 1.0,
        "accepted_rate_std": 0.0
      },
      "adapted": {
        "method": "adapted",
        "n_seeds": 3,
        "setup_time_mean_mean": 0.03217171629269918,
        "setup_time_mean_std": 8.011733937771398e-05,
        "solve_time_mean_mean": 0.08986895283063252,
        "solve_time_mean_std": 0.00026227101022606995,
        "total_time_mean_mean": 0.12208086252212524,
        "total_time_mean_std": 0.00024152394988555598,
        "iterations_mean_mean": 100.0,
        "iterations_mean_std": 0.0,
        "residual_norm_mean_mean": 3.348293562506315,
        "residual_norm_mean_std": 0.2922618451825535,
        "fallback_rate_mean": 0.0,
        "fallback_rate_std": 0.0,
        "accepted_rate_mean": 1.0,
        "accepted_rate_std": 0.0
      },
      "adapt_speedup_vs_traditional": 3.4827947164607433,
      "reuse_speedup_vs_traditional": 6.51450781661071
    },
    {
      "matrix_size": 625,
      "traditional": {
        "method": "traditional",
        "n_seeds": 3,
        "setup_time_mean_mean": 0.2719298501809438,
        "setup_time_mean_std": 0.001966374409683414,
        "solve_time_mean_mean": 0.3345096906026204,
        "solve_time_mean_std": 0.007210234552336463,
        "total_time_mean_mean": 0.6064517796039581,
        "total_time_mean_std": 0.008235883616348718,
        "iterations_mean_mean": 100.0,
        "iterations_mean_std": 0.0,
        "residual_norm_mean_mean": 34.59531169251827,
        "residual_norm_mean_std": 32.89551800671006,
        "fallback_rate_mean": 0.0,
        "fallback_rate_std": 0.0,
        "accepted_rate_mean": 1.0,
        "accepted_rate_std": 0.0
      },
      "reuse": {
        "method": "reuse",
        "n_seeds": 3,
        "setup_time_mean_mean": 0.03844780723253886,
        "setup_time_mean_std": 0.0002069226119938519,
        "solve_time_mean_mean": 0.04312286774317423,
        "solve_time_mean_std": 0.0002784723053783444,
        "total_time_mean_mean": 0.08160623908042908,
        "total_time_mean_std": 0.00042102048169568316,
        "iterations_mean_mean": 13.375,
        "iterations_mean_std": 0.0,
        "residual_norm_mean_mean": 0.0011087897714639643,
        "residual_norm_mean_std": 0.0011511014685016317,
        "fallback_rate_mean": 0.0,
        "fallback_rate_std": 0.0,
        "accepted_rate_mean": 1.0,