{
  "config": {
    "preset": "paper_medium",
    "meta_epochs": 20,
    "meta_tasks": 60,
    "n_runs": 3,
    "sequence_length": 8,
    "matrix_sizes": [
      225,
      400,
      625
    ],
    "contrasts": [
      100.0,
      10000.0,
      1000000.0
    ],
    "stokes_nx": 8,
    "stokes_ny": 8,
    "stokes_picard_iterations": 4,
    "stokes_rayleigh": 10000.0,
    "stokes_viscosity_contrast": 100.0,
    "periodic_rebuild_interval": 3,
    "matrix_change_threshold": 0.1,
    "nusselt_relative_tolerance": 0.02,
    "rms_velocity_relative_tolerance": 0.05,
    "velocity_field_relative_tolerance": 0.1,
    "linear_residual_tolerance": 1e-06
  },
  "experiment_6": {
    "traditional": {
      "method": "traditional",
      "n_seeds": 3,
      "setup_time_mean_mean": 0.11127820014953614,
      "setup_time_mean_std": 0.0020109947782077594,
      "solve_time_mean_mean": 0.1814491113026937,
      "solve_time_mean_std": 0.005367689441265732,
      "total_time_mean_mean": 0.29285701115926105,
      "total_time_mean_std": 0.007420513847785709,
      "iterations_mean_mean": 100.0,
      "iterations_mean_std": 0.0,
      "residual_norm_mean_mean": 0.009629124163921253,
      "residual_norm_mean_std": 0.01010369138698227,
      "fallback_rate_mean": 0.2333333333333333,
      "fallback_rate_std": 0.09428090415820632,
      "accepted_rate_mean": 1.0,
      "accepted_rate_std": 0.0,
      "relative_residual_mean_mean": 3.9790485366746976e-08,
      "relative_residual_mean_std": 3.020100282083501e-08,
      "relative_residual_max_mean": 6.404178304310293e-08,
      "relative_residual_max_std": 2.5309125109412614e-08,
      "rebuild_rate_mean": 1.0,
      "rebuild_rate_std": 0.0
    },
    "reuse": {
      "method": "reuse",
      "n_seeds": 3,
      "setup_time_mean_mean": 0.013918439547220865,
      "setup_time_mean_std": 0.00014741461469796355,
      "solve_time_mean_mean": 0.022496016820271813,
      "solve_time_mean_std": 0.0003036768819397558,
      "total_time_mean_mean": 0.0364875872929891,
      "total_time_mean_std": 0.0004504150776307949,
      "iterations_mean_mean": 10.9,
      "iterations_mean_std": 0.0,
      "residual_norm_mean_mean": 5.763424068576311e-11,
      "residual_norm_mean_std": 4.4110184511915e-12,
      "fallback_rate_mean": 0.10000000000000002,
      "fallback_rate_std": 1.3877787807814457e-17,
      "accepted_rate_mean": 1.0,
      "accepted_rate_std": 0.0,
      "relative_residual_mean_mean": 2.1389444807259604e-16,
      "relative_residual_mean_std": 8.843186169508188e-19,
      "relative_residual_max_mean": 2.4134819823995286e-16,
      "relative_residual_max_std": 1.3859487710594805e-17,
      "rebuild_rate_mean": 0.10000000000000002,
      "rebuild_rate_std": 1.3877787807814457e-17
    },
    "periodic_rebuild": {
      "method": "periodic_rebuild",
      "n_seeds": 3,
      "setup_time_mean_mean": 0.04623375733693441,
      "setup_time_mean_std": 0.0008296687941635617,
      "solve_time_mean_mean": 0.07500970363616942,
      "solve_time_mean_std": 0.0022707602513092613,
      "total_time_mean_mean": 0.12132382392883301,
      "total_time_mean_std": 0.003112556571173283,
      "iterations_mean_mean": 40.6,
      "iterations_mean_std": 0.0,
      "residual_norm_mean_mean": 0.0031116874077885648,
      "residual_norm_mean_std": 0.002536017207847046,
      "fallback_rate_mean": 0.13333333333333333,
      "fallback_rate_std": 0.047140452079103175,
      "accepted_rate_mean": 1.0,
      "accepted_rate_std": 0.0,
      "relative_residual_mean_mean": 1.1954224990740285e-08,
      "relative_residual_mean_std": 8.447725669733739e-09,
      "relative_residual_max_mean": 5.596986763041725e-08,
      "relative_residual_max_std": 3.185139391537477e-08,
      "rebuild_rate_mean": 0.4000000000000001,
      "rebuild_rate_std": 5.551115123125783e-17
    },
    "change_aware_reuse": {
      "method": "change_aware_reuse",
      "n_seeds": 3,
      "setup_time_mean_mean": 0.10801913738250733,
      "setup_time_mean_std": 0.003999320923673931,
      "solve_time_mean_mean": 0.1766276995340983,
      "solve_time_mean_std": 0.006963289368273363,
      "total_time_mean_mean": 0.2847727219263712,
      "total_time_mean_std": 0.010773104928402884,
      "iterations_mean_mean": 96.7,
      "iterations_mean_std": 4.666904755831217,
      "residual_norm_mean_mean": 0.009628993536520634,
      "residual_norm_mean_std": 0.010103787645467094,
      "fallback_rate_mean": 0.2333333333333333,
      "fallback_rate_std": 0.09428090415820632,
      "accepted_rate_mean": 1.0,
      "accepted_rate_std": 0.0,
      "relative_residual_mean_mean": 3.8187727251947475e-08,
      "relative_residual_mean_std": 3.145391576442154e-08,
      "relative_residual_max_mean": 6.396854101889751e-08,
      "relative_residual_max_std": 2.5355478447238582e-08,
      "rebuild_rate_mean": 0.9666666666666667,
      "rebuild_rate_std": 0.04714045207910316
    },
    "zero_shot": {
      "method": "zero_shot",
      "n_seeds": 3,
      "setup_time_mean_mean": 0.07702611287434895,
      "setup_time_mean_std": 0.008317433136139,
      "solve_time_mean_mean": 0.12872207164764404,
      "solve_time_mean_std": 0.009140563985833012,
      "total_time_mean_mean": 0.20582250754038492,
      "total_time_mean_std": 0.017449845306729477,
      "iterations_mean_mean": 86.36666666666667,
      "iterations_mean_std": 1.3021349989749773,
      "residual_norm_mean_mean": 0.1622330371929677,
      "residual_norm_mean_std": 0.005023734777093757,
      "fallback_rate_mean": 0.6,
      "fallback_rate_std": 0.08164965809277258,
      "accepted_rate_mean": 0.5,
      "accepted_rate_std": 0.08164965809277258,
      "relative_residual_mean_mean": 4.0444445969450186e-07,
      "relative_residual_mean_std": 7.421404334675634e-08,
      "relative_residual_max_mean": 9.76494228520221e-07,
      "relative_residual_max_std": 1.547188229538747e-08,
      "rebuild_rate_mean": 0.10000000000000002,
      "rebuild_rate_std": 1.3877787807814457e-17
    },
    "adapted": {
      "method": "adapted",
      "n_seeds": 3,
      "setup_time_mean_mean": 0.07734078566233317,
      "setup_time_mean_std": 0.007943805511553695,
      "solve_time_mean_mean": 0.13179200490315754,
      "solve_time_mean_std": 0.008929250565252247,
      "total_time_mean_mean": 0.20922470887502034,
      "total_time_mean_std": 0.016837993091726244,
      "iterations_mean_mean": 88.69999999999999,
      "iterations_mean_std": 1.019803902718554,
      "residual_norm_mean_mean": 0.14948186002125996,
      "residual_norm_mean_std": 0.04467307004544529,
      "fallback_rate_mean": 0.6,
      "fallback_rate_std": 0.08164965809277258,
      "accepted_rate_mean": 0.5,
      "accepted_rate_std": 0.08164965809277258,
      "relative_residual_mean_mean": 4.1052187265965064e-07,
      "relative_residual_mean_std": 6.651687480340722e-08,
      "relative_residual_max_mean": 9.943453766659475e-07,
      "relative_residual_max_std": 2.9709319130098842e-09,
      "rebuild_rate_mean": 0.10000000000000002,
      "rebuild_rate_std": 1.3877787807814457e-17
    },
    "neural_amg_setup_only": {
      "n_seeds": 3,
      "setup_time_mean_mean": 0.021562131245930986,
      "setup_time_mean_std": 4.945912573995228e-05
    }
  },
  "experiment_6_stokes_picard_replay": {
    "traditional": {
      "method": "traditional",
      "n_seeds": 3,
      "setup_time_mean_mean": 0.018693387508392334,
      "setup_time_mean_std": 0.00010264232501880612,
      "solve_time_mean_mean": 0.06584620475769043,
      "solve_time_mean_std": 0.0006395078104289763,
      "total_time_mean_mean": 0.08479299147923787,
      "total_time_mean_std": 0.0007347126854220277,
      "iterations_mean_mean": 100.0,
      "iterations_mean_std": 0.0,
      "residual_norm_mean_mean": 1.8302493318770603e-13,
      "residual_norm_mean_std": 3.634575465977012e-15,
      "fallback_rate_mean": 1.0,
      "fallback_rate_std": 0.0,
      "accepted_rate_mean": 1.0,
      "accepted_rate_std": 0.0,