{
  "config": {
    "preset": "paper_medium",
    "meta_epochs": 20,
    "meta_tasks": 60,
    "n_runs": 3,
    "sequence_length": 8,
    "matrix_sizes": [
      225,
      400,
      625
    ],
    "contrasts": [
      100.0,
      10000.0,
      1000000.0
    ],
    "stokes_nx": 8,
    "stokes_ny": 8,
    "stokes_picard_iterations": 4,
    "stokes_rayleigh": 10000.0,
    "stokes_viscosity_contrast": 100.0
  },
  "experiment_2": [
    {
      "matrix_size": 225,
      "traditional": {
        "method": "traditional",
        "n_seeds": 3,
        "setup_time_mean_mean": 0.06718329588572185,
        "setup_time_mean_std": 0.006230788649900798,
        "solve_time_mean_mean": 0.18170871337254843,
        "solve_time_mean_std": 0.018315784136228395,
        "total_time_mean_mean": 0.24891330798467,
        "total_time_mean_std": 0.024537607941804426,
        "iterations_mean_mean": 100.0,
        "iterations_mean_std": 0.0,
        "residual_norm_mean_mean": 8.65149443325291e-05,
        "residual_norm_mean_std": 3.711227804560238e-05,
        "fallback_rate_mean": 0.0,
        "fallback_rate_std": 0.0,
        "accepted_rate_mean": 1.0,
        "accepted_rate_std": 0.0
      },
      "reuse": {
        "method": "reuse",
        "n_seeds": 3,
        "setup_time_mean_mean": 0.01269388198852539,
        "setup_time_mean_std": 0.0016279595011707126,
        "solve_time_mean_mean": 0.03397484620412191,
        "solve_time_mean_std": 0.0029021730264780594,
        "total_time_mean_mean": 0.04672292868296305,
        "total_time_mean_std": 0.004448245650333135,
        "iterations_mean_mean": 13.375,
        "iterations_mean_std": 0.0,
        "residual_norm_mean_mean": 4.5037270630202545e-06,
        "residual_norm_mean_std": 2.873341745545463e-06,
        "fallback_rate_mean": 0.0,
        "fallback_rate_std": 0.0,
        "accepted_rate_mean": 1.0,
        "accepted_rate_std": 0.0
      },
      "zero_shot": {
        "method": "zero_shot",
        "n_seeds": 3,
        "setup_time_mean_mean": 0.032229055960973106,
        "setup_time_mean_std": 0.0025459431600769215,
        "solve_time_mean_mean": 0.15993687510490417,
        "solve_time_mean_std": 0.014314455931525452,
        "total_time_mean_mean": 0.192242830991745,
        "total_time_mean_std": 0.01648341507522295,
        "iterations_mean_mean": 100.0,
        "iterations_mean_std": 0.0,
        "residual_norm_mean_mean": 0.3097280127573212,
        "residual_norm_mean_std": 0.27445320970423226,
        "fallback_rate_mean": 0.0,
        "fallback_rate_std": 0.0,
        "accepted_rate_mean": 1.0,
        "accepted_rate_std": 0.0
      },
      "adapted": {
        "method": "adapted",
        "n_seeds": 3,
        "setup_time_mean_mean": 0.03239580988883972,
        "setup_time_mean_std": 0.0026195446483295135,
        "solve_time_mean_mean": 0.15919914841651917,
        "solve_time_mean_std": 0.015860101183063857,
        "total_time_mean_mean": 0.1916870375474294,
        "total_time_mean_std": 0.01811144405712172,
        "iterations_mean_mean": 100.0,
        "iterations_mean_std": 0.0,
        "residual_norm_mean_mean": 0.32552911472703855,
        "residual_norm_mean_std": 0.2097520703475412,
        "fallback_rate_mean": 0.0,
        "fallback_rate_std": 0.0,
        "accepted_rate_mean": 1.0,
        "accepted_rate_std": 0.0
      },
      "adapt_speedup_vs_traditional": 2.073826711424996,
      "reuse_speedup_vs_traditional": 5.292572906101699
    },
    {
      "matrix_size": 400,
      "traditional": {
        "method": "traditional",
        "n_seeds": 3,
        "setup_time_mean_mean": 0.17431452870368958,
        "setup_time_mean_std": 0.009327100192005909,
        "solve_time_mean_mean": 0.3008512854576111,
        "solve_time_mean_std": 0.020718188253247637,
        "total_time_mean_mean": 0.47518397370974225,
        "total_time_mean_std": 0.030044644561981023,
        "iterations_mean_mean": 100.0,
        "iterations_mean_std": 0.0,
        "residual_norm_mean_mean": 1.1771451455624486,
        "residual_norm_mean_std": 1.0806180464941106,
        "fallback_rate_mean": 0.0,
        "fallback_rate_std": 0.0,
        "accepted_rate_mean": 1.0,
        "accepted_rate_std": 0.0
      },
      "reuse": {
        "method": "reuse",
        "n_seeds": 3,
        "setup_time_mean_mean": 0.024169047673543293,
        "setup_time_mean_std": 0.0005746331895462847,
        "solve_time_mean_mean": 0.0416413148244222,
        "solve_time_mean_std": 0.0022744363166473675,
        "total_time_mean_mean": 0.06586101651191711,
        "total_time_mean_std": 0.0028490360835250147,
        "iterations_mean_mean": 13.375,
        "iterations_mean_std": 0.0,
        "residual_norm_mean_mean": 0.0006152652039894376,
        "residual_norm_mean_std": 0.00018332694009132487,
        "fallback_rate_mean": 0.0,
        "fallback_rate_std": 0.0,
        "accepted_rate_mean": 1.0,
        "accepted_rate_std": 0.0
      },
      "zero_shot": {
        "method": "zero_shot",
        "n_seeds": 3,
        "setup_time_mean_mean": 0.055252403020858765,
        "setup_time_mean_std": 0.001451445871811131,
        "solve_time_mean_mean": 0.14960925777753195,
        "solve_time_mean_std": 0.007370142292054573,
        "total_time_mean_mean": 0.20493044455846152,
        "total_time_mean_std": 0.008825513894559003,
        "iterations_mean_mean": 100.0,
        "iterations_mean_std": 0.0,
        "residual_norm_mean_mean": 15.094882877903311,
        "residual_norm_mean_std": 10.969605507976308,
        "fallback_rate_mean": 0.0,
        "fallback_rate_std": 0.0,
        "accepted_rate_mean": 1.0,
        "accepted_rate_std": 0.0
      },
      "adapted": {
        "method": "adapted",
        "n_seeds": 3,
        "setup_time_mean_mean": 0.05489312609036764,
        "setup_time_mean_std": 0.0022084160691947575,
        "solve_time_mean_mean": 0.14970678091049194,
        "solve_time_mean_std": 0.0075139793576809635,
        "total_time_mean_mean": 0.20468141635258993,
        "total_time_mean_std": 0.009721957445191762,
        "iterations_mean_mean": 100.0,
        "iterations_mean_std": 0.0,
        "residual_norm_mean_mean": 12.952185870247362,
        "residual_norm_mean_std": 7.41835444442811,
        "fallback_rate_mean": 0.0,
        "fallback_rate_std": 0.0,
        "accepted_rate_mean": 1.0,
        "accepted_rate_std": 0.0
      },
      "adapt_speedup_vs_traditional": 3.1755256280490354,
      "reuse_speedup_vs_traditional": 7.212304392717277
    },
    {
      "matrix_size": 625,
      "traditional": {
        "method": "traditional",
        "n_seeds": 3,
        "setup_time_mean_mean": 0.5166463057200114,
        "setup_time_mean_std": 0.04211364034681712,
        "solve_time_mean_mean": 0.6463019053141276,
        "solve_time_mean_std": 0.07246076867259515,
        "total_time_mean_mean": 1.1629710098107655,
        "total_time_mean_std": 0.114572117058772,
        "iterations_mean_mean": 100.0,
        "iterations_mean_std": 0.0,
        "residual_norm_mean_mean": 34.59531169251827,
        "residual_norm_mean_std": 32.89551800671006,
        "fallback_rate_mean": 0.0,
        "fallback_rate_std": 0.0,
        "accepted_rate_mean": 1.0,
        "accepted_rate_std": 0.0
      },
      "reuse": {
        "method": "reuse",
        "n_seeds": 3,
        "setup_time_mean_mean": 0.07536848386128743,
        "setup_time_mean_std": 0.0062562438316314944,
        "solve_time_mean_mean": 0.08125882347424825,
        "solve_time_mean_std": 0.01092855494368596,
        "total_time_mean_mean": 0.15672644972801208,
        "total_time_mean_std": 0.017188060129033917,
        "iterations_mean_mean": 13.375,
        "iterations_mean_std": 0.0,
        "residual_norm_mean_mean": 0.0011087897714639643,
        "residual_norm_mean_std": 0.0011511014685016317,
        "fallback_rate_mean": 0.0,
        "fallback_rate_std": 0.0,
        "accepted_rate_mean": 1.0,
        "accepted_rate_std": 0.0
      },