{
  "status": "success",
  "method": "direct",
  "backend": "internal",
  "hierarchy_policy": "fresh",
  "schur_velocity_inverse": "lu",
  "schur_velocity_vcycles": 2,
  "velocity_solver_rtol": 1e-06,
  "pressure_solver_rtol": 1e-06,
  "dimension": 2,
  "mesh_mode": "structured",
  "viscosity_mode": "temperature_dependent",
  "n": 8,
  "seed": 4,
  "repeat": 1,
  "n_steps": 20,
  "picard_iterations_per_step_limit": 5,
  "viscosity_contrast": 10000.0,
  "peak_rss_bytes": 383123456,
  "method_rss_baseline_bytes": 379994112,
  "method_peak_rss_bytes": 381534208,
  "method_peak_rss_delta_bytes": 1540096,
  "wall_time_s": 8.2428115,
  "total_assembly_time_s": 7.6608078759999945,
  "total_linear_solve_time_s": 0.0780653319999991,
  "total_nonlinear_update_time_s": 0.2778939169999952,
  "total_block_setup_time_s": 0.0,
  "total_picard_iterations": 100,
  "velocity_solve_calls": 0,
  "avg_picard_iterations_per_step": 5.0,
  "amortized_wall_time_per_step_s": 0.412140575,
  "amortized_linear_solve_time_per_step_s": 0.003903266599999955,
  "amortized_setup_time_per_step_s": 0.0,
  "amortized_setup_time_per_velocity_solve_s": 0.0,
  "amortized_linear_solve_time_per_picard_s": 0.000780653319999991,
  "max_linear_relative_residual": 5.3529241200605695e-12,
  "final_nusselt": 1.0094656833955158,
  "final_rms_velocity": 0.08516888469373776,
  "final_temperature_min": 0.0,
  "final_temperature_max": 1.0,
  "quality_accepted": true,
  "direct_reference_fallbacks": 0,
  "block_stats": {},
  "step_metrics": [
    {
      "step": 0,
      "time": 0.0001,
      "picard_iterations": 5,
      "assembly_time_s": 0.3823881260000004,
      "linear_solve_time_s": 0.003965625000000639,
      "nonlinear_update_time_s": 0.013931083000000122,
      "linear_relative_residual": 4.583250504246271e-12,
      "nusselt": 1.0094656290030324,
      "rms_velocity": 0.0851714373267466
    },
    {
      "step": 1,
      "time": 0.0002,
      "picard_iterations": 5,
      "assembly_time_s": 0.38322870799999986,
      "linear_solve_time_s": 0.0038587909999998615,
      "nonlinear_update_time_s": 0.013795625000000644,
      "linear_relative_residual": 2.030527209335552e-12,
      "nusselt": 1.0094656318657944,
      "rms_velocity": 0.0851713029741008
    },
    {
      "step": 2,
      "time": 0.00030000000000000003,
      "picard_iterations": 5,
      "assembly_time_s": 0.3838774579999997,
      "linear_solve_time_s": 0.003963791999999966,
      "nonlinear_update_time_s": 0.014079750000000502,
      "linear_relative_residual": 1.7114653143668167e-12,
      "nusselt": 1.0094656347285564,
      "rms_velocity": 0.08517116862184476
    },
    {
      "step": 3,
      "time": 0.0004,
      "picard_iterations": 5,
      "assembly_time_s": 0.38420991499999957,
      "linear_solve_time_s": 0.0038110409999996264,
      "nonlinear_update_time_s": 0.01379300000000061,
      "linear_relative_residual": 1.4408851563986138e-12,
      "nusselt": 1.0094656375913185,
      "rms_velocity": 0.08517103426999054
    },
    {
      "step": 4,
      "time": 0.0005,
      "picard_iterations": 5,
      "assembly_time_s": 0.38562445899999975,
      "linear_solve_time_s": 0.003985792000000377,
      "nonlinear_update_time_s": 0.01403429299999992,
      "linear_relative_residual": 9.690123528510685e-13,
      "nusselt": 1.0094656404540807,
      "rms_velocity": 0.0851708999185216
    },
    {
      "step": 5,
      "time": 0.0006000000000000001,
      "picard_iterations": 5,
      "assembly_time_s": 0.3848980839999996,
      "linear_solve_time_s": 0.003907832000000333,
      "nonlinear_update_time_s": 0.013880334000001326,
      "linear_relative_residual": 4.174688113105088e-12,
      "nusselt": 1.0094656433168427,
      "rms_velocity": 0.08517076556745186
    },
    {
      "step": 6,
      "time": 0.0007000000000000001,
      "picard_iterations": 5,
      "assembly_time_s": 0.3849625009999995,
      "linear_solve_time_s": 0.0039640829999996186,
      "nonlinear_update_time_s": 0.01384820699999878,
      "linear_relative_residual": 2.7792486652292763e-12,
      "nusselt": 1.009465646179605,
      "rms_velocity": 0.08517063121676792
    },
    {
      "step": 7,
      "time": 0.0008000000000000001,
      "picard_iterations": 5,
      "assembly_time_s": 0.38535674899999783,
      "linear_solve_time_s": 0.003876707999999063,
      "nonlinear_update_time_s": 0.013880416000001006,
      "linear_relative_residual": 3.1342501197731063e-12,
      "nusselt": 1.0094656490423672,
      "rms_velocity": 0.085170496866483
    },
    {
      "step": 8,
      "time": 0.0009000000000000002,
      "picard_iterations": 5,
      "assembly_time_s": 0.3846227500000001,
      "linear_solve_time_s": 0.003926792999999762,
      "nonlinear_update_time_s": 0.013802375999999228,
      "linear_relative_residual": 2.7982927665970653e-12,
      "nusselt": 1.0094656519051293,
      "rms_velocity": 0.08517036251659293
    },
    {
      "step": 9,
      "time": 0.0010000000000000002,
      "picard_iterations": 5,
      "assembly_time_s": 0.386960416,
      "linear_solve_time_s": 0.0038416249999997376,
      "nonlinear_update_time_s": 0.01372891799999909,
      "linear_relative_residual": 2.6291845329056807e-12,
      "nusselt": 1.0094656547678915,
      "rms_velocity": 0.08517022816709366
    },
    {
      "step": 10,
      "time": 0.0011000000000000003,
      "picard_iterations": 5,
      "assembly_time_s": 0.38602625100000054,
      "linear_solve_time_s": 0.0039541249999999195,
      "nonlinear_update_time_s": 0.014073666000001595,
      "linear_relative_residual": 3.8713537724857165e-12,
      "nusselt": 1.0094656576306538,
      "rms_velocity": 0.08517009381798547
    },
    {
      "step": 11,
      "time": 0.0012000000000000003,
      "picard_iterations": 5,
      "assembly_time_s": 0.3876075409999995,
      "linear_solve_time_s": 0.003968207999998974,
      "nonlinear_update_time_s": 0.014152207999999611,
      "linear_relative_residual": 1.9957362796186353e-12,
      "nusselt": 1.0094656604934162,
      "rms_velocity": 0.08516995946927693
    },
    {
      "step": 12,
      "time": 0.0013000000000000004,
      "picard_iterations": 5,
      "assembly_time_s": 0.38797175000000106,
      "linear_solve_time_s": 0.0038779589999995423,
      "nonlinear_update_time_s": 0.013897124999999733,
      "linear_relative_residual": 1.4233313129587717e-12,
      "nusselt": 1.0094656633561785,
      "rms_velocity": 0.08516982512095787
    },
    {
      "step": 13,
      "time": 0.0014000000000000004,
      "picard_iterations": 5,
      "assembly_time_s": 0.386432125999999,
      "linear_solve_time_s": 0.0039126659999997315,
      "nonlinear_update_time_s": 0.013978290999999032,
      "linear_relative_residual": 2.5241618333716905e-12,
      "nusselt": 1.009465666218941,
      "rms_velocity": 0.08516969077302869
    },
    {
      "step": 14,
      "time": 0.0015000000000000005,
      "picard_iterations": 5,
      "assembly_time_s": 0.37796137499999816,
      "linear_solve_time_s": 0.003855416000000389,
      "nonlinear_update_time_s": 0.014003707999998838,
      "linear_relative_residual": 1.6650929465097264e-12,
      "nusselt": 1.0094656690817034,
      "rms_velocity": 0.08516955642550116
    },
    {
      "step": 15,
      "time": 0.0016000000000000005,
      "picard_iterations": 5,
      "assembly_time_s": 0.37682758299999897,
      "linear_solve_time_s": 0.00400645800000099,
      "nonlinear_update_time_s": 0.013980416999997303,
      "linear_relative_residual": 2.5812959287537807e-12,
      "nusselt": 1.009465671944466,
      "rms_velocity": 0.08516942207836208
    },
    {
      "step": 16,
      "time": 0.0017000000000000006,
      "picard_iterations": 5,
      "assembly_time_s": 0.3845334999999981,
      "linear_solve_time_s": 0.003910751000001156,
      "nonlinear_update_time_s": 0.013926540999998238,
      "linear_relative_residual": 5.3529241200605695e-12,
      "nusselt": 1.0094656748072284,