{
  "status": "success",
  "method": "direct",
  "backend": "internal",
  "hierarchy_policy": "fresh",
  "schur_velocity_inverse": "lu",
  "schur_velocity_vcycles": 2,
  "velocity_solver_rtol": 1e-06,
  "pressure_solver_rtol": 1e-06,
  "dimension": 2,
  "mesh_mode": "structured",
  "viscosity_mode": "temperature_dependent",
  "n": 8,
  "seed": 0,
  "repeat": 1,
  "n_steps": 20,
  "picard_iterations_per_step_limit": 5,
  "viscosity_contrast": 10000.0,
  "peak_rss_bytes": 177274880,
  "method_rss_baseline_bytes": 174637056,
  "method_peak_rss_bytes": 175833088,
  "method_peak_rss_delta_bytes": 1196032,
  "wall_time_s": 11.516945083,
  "total_assembly_time_s": 10.686019666000007,
  "total_linear_solve_time_s": 0.10946316599999784,
  "total_nonlinear_update_time_s": 0.38866779099999493,
  "total_block_setup_time_s": 0.0,
  "total_picard_iterations": 100,
  "velocity_solve_calls": 0,
  "avg_picard_iterations_per_step": 5.0,
  "amortized_wall_time_per_step_s": 0.5758472541499999,
  "amortized_linear_solve_time_per_step_s": 0.005473158299999892,
  "amortized_setup_time_per_step_s": 0.0,
  "amortized_setup_time_per_velocity_solve_s": 0.0,
  "amortized_linear_solve_time_per_picard_s": 0.0010946316599999783,
  "max_linear_relative_residual": 5.415489361145111e-12,
  "final_nusselt": 0.9894028415475175,
  "final_rms_velocity": 0.0826691009325816,
  "final_temperature_min": 0.0,
  "final_temperature_max": 1.0,
  "quality_accepted": true,
  "direct_reference_fallbacks": 0,
  "block_stats": {},
  "step_metrics": [
    {
      "step": 0,
      "time": 0.0001,
      "picard_iterations": 5,
      "assembly_time_s": 0.511795708,
      "linear_solve_time_s": 0.005379666000000283,
      "nonlinear_update_time_s": 0.01878166599999953,
      "linear_relative_residual": 2.43568553944022e-12,
      "nusselt": 0.9894027882752044,
      "rms_velocity": 0.0826715965447941
    },
    {
      "step": 1,
      "time": 0.0002,
      "picard_iterations": 5,
      "assembly_time_s": 0.5151617490000002,
      "linear_solve_time_s": 0.005222499999999464,
      "nonlinear_update_time_s": 0.018639666999999083,
      "linear_relative_residual": 3.1362633149713137e-12,
      "nusselt": 0.9894027910790104,
      "rms_velocity": 0.08267146519324155
    },
    {
      "step": 2,
      "time": 0.00030000000000000003,
      "picard_iterations": 5,
      "assembly_time_s": 0.5110638330000001,
      "linear_solve_time_s": 0.005244917000000626,
      "nonlinear_update_time_s": 0.01863383400000007,
      "linear_relative_residual": 2.4017116268854193e-12,
      "nusselt": 0.9894027938828164,
      "rms_velocity": 0.08267133384208768
    },
    {
      "step": 3,
      "time": 0.0004,
      "picard_iterations": 5,
      "assembly_time_s": 0.5101018340000003,
      "linear_solve_time_s": 0.005256124000000639,
      "nonlinear_update_time_s": 0.01874929200000075,
      "linear_relative_residual": 1.940639588040251e-12,
      "nusselt": 0.9894027966866221,
      "rms_velocity": 0.08267120249132136
    },
    {
      "step": 4,
      "time": 0.0005,
      "picard_iterations": 5,
      "assembly_time_s": 0.5104546660000011,
      "linear_solve_time_s": 0.005162916000000184,
      "nonlinear_update_time_s": 0.018659749999998976,
      "linear_relative_residual": 2.3383339595584384e-12,
      "nusselt": 0.9894027994904282,
      "rms_velocity": 0.08267107114095046
    },
    {
      "step": 5,
      "time": 0.0006000000000000001,
      "picard_iterations": 5,
      "assembly_time_s": 0.5185067090000022,
      "linear_solve_time_s": 0.005193249999999594,
      "nonlinear_update_time_s": 0.018399791999998527,
      "linear_relative_residual": 1.8046455962515346e-12,
      "nusselt": 0.9894028022942342,
      "rms_velocity": 0.08267093979097344
    },
    {
      "step": 6,
      "time": 0.0007000000000000001,
      "picard_iterations": 5,
      "assembly_time_s": 0.5213750419999998,
      "linear_solve_time_s": 0.005257832999999046,
      "nonlinear_update_time_s": 0.018923125000000596,
      "linear_relative_residual": 3.0634722586484186e-12,
      "nusselt": 0.9894028050980401,
      "rms_velocity": 0.08267080844139316
    },
    {
      "step": 7,
      "time": 0.0008000000000000001,
      "picard_iterations": 5,
      "assembly_time_s": 0.5245150000000001,
      "linear_solve_time_s": 0.005392834000000235,
      "nonlinear_update_time_s": 0.019538874000000206,
      "linear_relative_residual": 5.415489361145111e-12,
      "nusselt": 0.9894028079018461,
      "rms_velocity": 0.08267067709219818
    },
    {
      "step": 8,
      "time": 0.0009000000000000002,
      "picard_iterations": 5,
      "assembly_time_s": 0.5293895820000003,
      "linear_solve_time_s": 0.0057435010000013165,
      "nonlinear_update_time_s": 0.019785083999999564,
      "linear_relative_residual": 2.375817577442017e-12,
      "nusselt": 0.9894028107056521,
      "rms_velocity": 0.08267054574340138
    },
    {
      "step": 9,
      "time": 0.0010000000000000002,
      "picard_iterations": 5,
      "assembly_time_s": 0.5651691250000006,
      "linear_solve_time_s": 0.005392706999998609,
      "nonlinear_update_time_s": 0.019523501000000998,
      "linear_relative_residual": 2.4069315228176926e-12,
      "nusselt": 0.989402813509458,
      "rms_velocity": 0.08267041439499641
    },
    {
      "step": 10,
      "time": 0.0011000000000000003,
      "picard_iterations": 5,
      "assembly_time_s": 0.5433273750000005,
      "linear_solve_time_s": 0.005559251000000209,
      "nonlinear_update_time_s": 0.019989041000002317,
      "linear_relative_residual": 1.2879989784886704e-12,
      "nusselt": 0.989402816313264,
      "rms_velocity": 0.08267028304698493
    },
    {
      "step": 11,
      "time": 0.0012000000000000003,
      "picard_iterations": 5,
      "assembly_time_s": 0.5418673320000016,
      "linear_solve_time_s": 0.005659543000000156,
      "nonlinear_update_time_s": 0.019482790999998834,
      "linear_relative_residual": 2.126477265121137e-12,
      "nusselt": 0.98940281911707,
      "rms_velocity": 0.08267015169936955
    },
    {
      "step": 12,
      "time": 0.0013000000000000004,
      "picard_iterations": 5,
      "assembly_time_s": 0.544330583999999,
      "linear_solve_time_s": 0.005465709999999291,
      "nonlinear_update_time_s": 0.019728874999998425,
      "linear_relative_residual": 3.63610559616656e-12,
      "nusselt": 0.9894028219208759,
      "rms_velocity": 0.0826700203521468
    },
    {
      "step": 13,
      "time": 0.0014000000000000004,
      "picard_iterations": 5,
      "assembly_time_s": 0.5472870010000008,
      "linear_solve_time_s": 0.005621584000001789,
      "nonlinear_update_time_s": 0.020628541000002443,
      "linear_relative_residual": 9.398231416911847e-13,
      "nusselt": 0.9894028247246818,
      "rms_velocity": 0.0826698890053136
    },
    {
      "step": 14,
      "time": 0.0015000000000000005,
      "picard_iterations": 5,
      "assembly_time_s": 0.549824625000003,
      "linear_solve_time_s": 0.005616250000002765,
      "nonlinear_update_time_s": 0.019876833999997956,
      "linear_relative_residual": 2.5962007616938364e-12,
      "nusselt": 0.9894028275284877,
      "rms_velocity": 0.0826697576588703
    },
    {
      "step": 15,
      "time": 0.0016000000000000005,
      "picard_iterations": 5,
      "assembly_time_s": 0.5514190009999975,
      "linear_solve_time_s": 0.005681582999997659,
      "nonlinear_update_time_s": 0.020153167999998445,
      "linear_relative_residual": 7.874917415968646e-13,
      "nusselt": 0.9894028303322937,
      "rms_velocity": 0.0826696263128297
    },
    {
      "step": 16,
      "time": 0.0017000000000000006,
      "picard_iterations": 5,
      "assembly_time_s": 0.554058417000002,
      "linear_solve_time_s": 0.005663039999998176,
      "nonlinear_update_time_s": 0.020338166999996687,
      "linear_relative_residual": 3.5224421748847724e-12,
      "nusselt": 0.9894028331360997,