{
  "status": "success",
  "method": "direct",
  "backend": "internal",
  "hierarchy_policy": "fresh",
  "schur_velocity_inverse": "lu",
  "schur_velocity_vcycles": 2,
  "velocity_solver_rtol": 1e-06,
  "pressure_solver_rtol": 1e-06,
  "dimension": 2,
  "mesh_mode": "structured",
  "viscosity_mode": "temperature_dependent",
  "n": 8,
  "seed": 1,
  "repeat": 1,
  "n_steps": 20,
  "picard_iterations_per_step_limit": 5,
  "viscosity_contrast": 10000.0,
  "peak_rss_bytes": 177242112,
  "method_rss_baseline_bytes": 174620672,
  "method_peak_rss_bytes": 176193536,
  "method_peak_rss_delta_bytes": 1572864,
  "wall_time_s": 13.281436917,
  "total_assembly_time_s": 12.325647331,
  "total_linear_solve_time_s": 0.12698758200000482,
  "total_nonlinear_update_time_s": 0.4451973749999971,
  "total_block_setup_time_s": 0.0,
  "total_picard_iterations": 100,
  "velocity_solve_calls": 0,
  "avg_picard_iterations_per_step": 5.0,
  "amortized_wall_time_per_step_s": 0.66407184585,
  "amortized_linear_solve_time_per_step_s": 0.006349379100000241,
  "amortized_setup_time_per_step_s": 0.0,
  "amortized_setup_time_per_velocity_solve_s": 0.0,
  "amortized_linear_solve_time_per_picard_s": 0.001269875820000048,
  "max_linear_relative_residual": 4.651533113834351e-12,
  "final_nusselt": 1.005465791850445,
  "final_rms_velocity": 0.0821069769097067,
  "final_temperature_min": 0.0,
  "final_temperature_max": 1.0,
  "quality_accepted": true,
  "direct_reference_fallbacks": 0,
  "block_stats": {},
  "step_metrics": [
    {
      "step": 0,
      "time": 0.0001,
      "picard_iterations": 5,
      "assembly_time_s": 0.5998284999999994,
      "linear_solve_time_s": 0.006298540999999602,
      "nonlinear_update_time_s": 0.022465541999999505,
      "linear_relative_residual": 1.8405697729627034e-12,
      "nusselt": 1.0054657371988818,
      "rms_velocity": 0.08210940983042302
    },
    {
      "step": 1,
      "time": 0.0002,
      "picard_iterations": 5,
      "assembly_time_s": 0.6015490409999997,
      "linear_solve_time_s": 0.006381498999999735,
      "nonlinear_update_time_s": 0.02229208299999952,
      "linear_relative_residual": 4.651533113834351e-12,
      "nusselt": 1.0054657400752796,
      "rms_velocity": 0.08210928177857442
    },
    {
      "step": 2,
      "time": 0.00030000000000000003,
      "picard_iterations": 5,
      "assembly_time_s": 0.6015417500000004,
      "linear_solve_time_s": 0.006221749000000276,
      "nonlinear_update_time_s": 0.022370541000000355,
      "linear_relative_residual": 3.190013614723799e-12,
      "nusselt": 1.0054657429516776,
      "rms_velocity": 0.08210915372711461
    },
    {
      "step": 3,
      "time": 0.0004,
      "picard_iterations": 5,
      "assembly_time_s": 0.6005333729999984,
      "linear_solve_time_s": 0.006187624999999919,
      "nonlinear_update_time_s": 0.021993416999999127,
      "linear_relative_residual": 4.173440400229182e-12,
      "nusselt": 1.0054657458280756,
      "rms_velocity": 0.08210902567601891
    },
    {
      "step": 4,
      "time": 0.0005,
      "picard_iterations": 5,
      "assembly_time_s": 0.6036813739999998,
      "linear_solve_time_s": 0.0063010820000002354,
      "nonlinear_update_time_s": 0.02267750000000035,
      "linear_relative_residual": 1.8689451858876595e-12,
      "nusselt": 1.0054657487044736,
      "rms_velocity": 0.08210889762530117
    },
    {
      "step": 5,
      "time": 0.0006000000000000001,
      "picard_iterations": 5,
      "assembly_time_s": 0.5968715429999989,
      "linear_solve_time_s": 0.006065665999999581,
      "nonlinear_update_time_s": 0.021312250000000255,
      "linear_relative_residual": 1.6748552449933767e-12,
      "nusselt": 1.0054657515808718,
      "rms_velocity": 0.08210876957496192
    },
    {
      "step": 6,
      "time": 0.0007000000000000001,
      "picard_iterations": 5,
      "assembly_time_s": 0.6010537499999993,
      "linear_solve_time_s": 0.006170667000001018,
      "nonlinear_update_time_s": 0.021745500999998946,
      "linear_relative_residual": 1.9061933373829736e-12,
      "nusselt": 1.0054657544572696,
      "rms_velocity": 0.0821086415250003
    },
    {
      "step": 7,
      "time": 0.0008000000000000001,
      "picard_iterations": 5,
      "assembly_time_s": 0.6145790840000007,
      "linear_solve_time_s": 0.006407583000001438,
      "nonlinear_update_time_s": 0.021861373999998435,
      "linear_relative_residual": 2.2164435341108013e-12,
      "nusselt": 1.0054657573336676,
      "rms_velocity": 0.08210851347541503
    },
    {
      "step": 8,
      "time": 0.0009000000000000002,
      "picard_iterations": 5,
      "assembly_time_s": 0.609222041999999,
      "linear_solve_time_s": 0.006162083000000429,
      "nonlinear_update_time_s": 0.0217083330000003,
      "linear_relative_residual": 2.1802170764230646e-12,
      "nusselt": 1.0054657602100656,
      "rms_velocity": 0.08210838542620337
    },
    {
      "step": 9,
      "time": 0.0010000000000000002,
      "picard_iterations": 5,
      "assembly_time_s": 0.6375038340000012,
      "linear_solve_time_s": 0.006351917000000817,
      "nonlinear_update_time_s": 0.022212876000000215,
      "linear_relative_residual": 3.0654435927043142e-12,
      "nusselt": 1.0054657630864636,
      "rms_velocity": 0.08210825737736664
    },
    {
      "step": 10,
      "time": 0.0011000000000000003,
      "picard_iterations": 5,
      "assembly_time_s": 0.6121029579999995,
      "linear_solve_time_s": 0.006213250000001835,
      "nonlinear_update_time_s": 0.022107749000001675,
      "linear_relative_residual": 3.0315335993419978e-12,
      "nusselt": 1.0054657659628619,
      "rms_velocity": 0.08210812932891026
    },
    {
      "step": 11,
      "time": 0.0012000000000000003,
      "picard_iterations": 5,
      "assembly_time_s": 0.6138205410000008,
      "linear_solve_time_s": 0.006680207999997023,
      "nonlinear_update_time_s": 0.021979500000000485,
      "linear_relative_residual": 1.7215092023366065e-12,
      "nusselt": 1.0054657688392599,
      "rms_velocity": 0.08210800128082628
    },
    {
      "step": 12,
      "time": 0.0013000000000000004,
      "picard_iterations": 5,
      "assembly_time_s": 0.6286559570000012,
      "linear_solve_time_s": 0.0063970849999996915,
      "nonlinear_update_time_s": 0.022480207999997504,
      "linear_relative_residual": 2.1476769989348893e-12,
      "nusselt": 1.005465771715658,
      "rms_velocity": 0.08210787323311781
    },
    {
      "step": 13,
      "time": 0.0014000000000000004,
      "picard_iterations": 5,
      "assembly_time_s": 0.6178277499999982,
      "linear_solve_time_s": 0.006282042000000487,
      "nonlinear_update_time_s": 0.022243167000000952,
      "linear_relative_residual": 2.74626187735328e-12,
      "nusselt": 1.005465774592056,
      "rms_velocity": 0.08210774518578899
    },
    {
      "step": 14,
      "time": 0.0015000000000000005,
      "picard_iterations": 5,
      "assembly_time_s": 0.6192674179999997,
      "linear_solve_time_s": 0.006395333000002168,
      "nonlinear_update_time_s": 0.022254916999999708,
      "linear_relative_residual": 3.504973585443206e-12,
      "nusselt": 1.0054657774684543,
      "rms_velocity": 0.08210761713883541
    },
    {
      "step": 15,
      "time": 0.0016000000000000005,
      "picard_iterations": 5,
      "assembly_time_s": 0.6313860420000026,
      "linear_solve_time_s": 0.006607001999997308,
      "nonlinear_update_time_s": 0.022529623999998805,
      "linear_relative_residual": 1.7757265082565254e-12,
      "nusselt": 1.0054657803448521,
      "rms_velocity": 0.0821074890922613
    },
    {
      "step": 16,
      "time": 0.0017000000000000006,
      "picard_iterations": 5,
      "assembly_time_s": 0.628219875000001,
      "linear_solve_time_s": 0.0064131249999999085,
      "nonlinear_update_time_s": 0.022673207999998723,
      "linear_relative_residual": 4.066724706286609e-12,
      "nusselt": 1.0054657832212506,