{
  "status": "success",
  "method": "direct",
  "backend": "internal",
  "hierarchy_policy": "fresh",
  "schur_velocity_inverse": "lu",
  "schur_velocity_vcycles": 2,
  "velocity_solver_rtol": 1e-06,
  "pressure_solver_rtol": 1e-06,
  "dimension": 2,
  "mesh_mode": "structured",
  "viscosity_mode": "temperature_dependent",
  "n": 8,
  "seed": 2,
  "repeat": 1,
  "n_steps": 20,
  "picard_iterations_per_step_limit": 5,
  "viscosity_contrast": 10000.0,
  "peak_rss_bytes": 177389568,
  "method_rss_baseline_bytes": 174768128,
  "method_peak_rss_bytes": 175931392,
  "method_peak_rss_delta_bytes": 1163264,
  "wall_time_s": 8.584298833,
  "total_assembly_time_s": 7.969709789000005,
  "total_linear_solve_time_s": 0.08384120099999648,
  "total_nonlinear_update_time_s": 0.29198666300000053,
  "total_block_setup_time_s": 0.0,
  "total_picard_iterations": 100,
  "velocity_solve_calls": 0,
  "avg_picard_iterations_per_step": 5.0,
  "amortized_wall_time_per_step_s": 0.42921494165,
  "amortized_linear_solve_time_per_step_s": 0.004192060049999824,
  "amortized_setup_time_per_step_s": 0.0,
  "amortized_setup_time_per_velocity_solve_s": 0.0,
  "amortized_linear_solve_time_per_picard_s": 0.0008384120099999648,
  "max_linear_relative_residual": 5.055459256451067e-12,
  "final_nusselt": 0.9920524953088279,
  "final_rms_velocity": 0.08260065352298954,
  "final_temperature_min": 0.0,
  "final_temperature_max": 1.0,
  "quality_accepted": true,
  "direct_reference_fallbacks": 0,
  "block_stats": {},
  "step_metrics": [
    {
      "step": 0,
      "time": 0.0001,
      "picard_iterations": 5,
      "assembly_time_s": 0.4173008340000002,
      "linear_solve_time_s": 0.004522789999999999,
      "nonlinear_update_time_s": 0.015470499999999943,
      "linear_relative_residual": 3.2458645075952784e-12,
      "nusselt": 0.9920524417822608,
      "rms_velocity": 0.08260313966780206
    },
    {
      "step": 1,
      "time": 0.0002,
      "picard_iterations": 5,
      "assembly_time_s": 0.42814779199999964,
      "linear_solve_time_s": 0.004657790999999634,
      "nonlinear_update_time_s": 0.015811708000000202,
      "linear_relative_residual": 5.055459256451067e-12,
      "nusselt": 0.9920524445994485,
      "rms_velocity": 0.08260300881457679
    },
    {
      "step": 2,
      "time": 0.00030000000000000003,
      "picard_iterations": 5,
      "assembly_time_s": 0.432180126,
      "linear_solve_time_s": 0.004542414999999966,
      "nonlinear_update_time_s": 0.015913084000000133,
      "linear_relative_residual": 2.2867112469952725e-12,
      "nusselt": 0.9920524474166363,
      "rms_velocity": 0.0826028779617391
    },
    {
      "step": 3,
      "time": 0.0004,
      "picard_iterations": 5,
      "assembly_time_s": 0.43332583200000085,
      "linear_solve_time_s": 0.004603749000000157,
      "nonlinear_update_time_s": 0.015843624999999584,
      "linear_relative_residual": 2.237842026063493e-12,
      "nusselt": 0.992052450233824,
      "rms_velocity": 0.08260274710929266
    },
    {
      "step": 4,
      "time": 0.0005,
      "picard_iterations": 5,
      "assembly_time_s": 0.4208615010000001,
      "linear_solve_time_s": 0.004356125000000155,
      "nonlinear_update_time_s": 0.015038708000000067,
      "linear_relative_residual": 1.9924797411597603e-12,
      "nusselt": 0.9920524530510119,
      "rms_velocity": 0.08260261625723458
    },
    {
      "step": 5,
      "time": 0.0006000000000000001,
      "picard_iterations": 5,
      "assembly_time_s": 0.39371612499999964,
      "linear_solve_time_s": 0.004164457999999982,
      "nonlinear_update_time_s": 0.01441475100000078,
      "linear_relative_residual": 4.279141798786553e-12,
      "nusselt": 0.9920524558681996,
      "rms_velocity": 0.08260248540556095
    },
    {
      "step": 6,
      "time": 0.0007000000000000001,
      "picard_iterations": 5,
      "assembly_time_s": 0.3950815410000006,
      "linear_solve_time_s": 0.004166376000000138,
      "nonlinear_update_time_s": 0.014557001999999652,
      "linear_relative_residual": 1.5349396814461486e-12,
      "nusselt": 0.9920524586853874,
      "rms_velocity": 0.08260235455428401
    },
    {
      "step": 7,
      "time": 0.0008000000000000001,
      "picard_iterations": 5,
      "assembly_time_s": 0.38426041600000005,
      "linear_solve_time_s": 0.004022417000000722,
      "nonlinear_update_time_s": 0.01408466599999958,
      "linear_relative_residual": 1.6012395761873498e-12,
      "nusselt": 0.9920524615025753,
      "rms_velocity": 0.08260222370338813
    },
    {
      "step": 8,
      "time": 0.0009000000000000002,
      "picard_iterations": 5,
      "assembly_time_s": 0.37999074999999927,
      "linear_solve_time_s": 0.0039288340000016575,
      "nonlinear_update_time_s": 0.01407929199999991,
      "linear_relative_residual": 2.9217476783719965e-12,
      "nusselt": 0.9920524643197629,
      "rms_velocity": 0.08260209285288336
    },
    {
      "step": 9,
      "time": 0.0010000000000000002,
      "picard_iterations": 5,
      "assembly_time_s": 0.39921870999999953,
      "linear_solve_time_s": 0.004094872999999666,
      "nonlinear_update_time_s": 0.014089456999999861,
      "linear_relative_residual": 2.142817786854311e-12,
      "nusselt": 0.9920524671369506,
      "rms_velocity": 0.08260196200276652
    },
    {
      "step": 10,
      "time": 0.0011000000000000003,
      "picard_iterations": 5,
      "assembly_time_s": 0.37989229200000096,
      "linear_solve_time_s": 0.003996041999999811,
      "nonlinear_update_time_s": 0.01388987599999858,
      "linear_relative_residual": 2.2370264436684306e-12,
      "nusselt": 0.9920524699541384,
      "rms_velocity": 0.08260183115304101
    },
    {
      "step": 11,
      "time": 0.0012000000000000003,
      "picard_iterations": 5,
      "assembly_time_s": 0.3853491259999995,
      "linear_solve_time_s": 0.004005917000001524,
      "nonlinear_update_time_s": 0.014124291999999095,
      "linear_relative_residual": 1.6239489350737433e-12,
      "nusselt": 0.9920524727713264,
      "rms_velocity": 0.08260170030370458
    },
    {
      "step": 12,
      "time": 0.0013000000000000004,
      "picard_iterations": 5,
      "assembly_time_s": 0.38414900000000074,
      "linear_solve_time_s": 0.003994248999998895,
      "nonlinear_update_time_s": 0.0142402499999994,
      "linear_relative_residual": 1.7197545239691132e-12,
      "nusselt": 0.9920524755885141,
      "rms_velocity": 0.08260156945475336
    },
    {
      "step": 13,
      "time": 0.0014000000000000004,
      "picard_iterations": 5,
      "assembly_time_s": 0.38830158100000034,
      "linear_solve_time_s": 0.004132624999999557,
      "nonlinear_update_time_s": 0.014328916999999386,
      "linear_relative_residual": 1.6518848589065984e-12,
      "nusselt": 0.9920524784057017,
      "rms_velocity": 0.0826014386061884
    },
    {
      "step": 14,
      "time": 0.0015000000000000005,
      "picard_iterations": 5,
      "assembly_time_s": 0.3889793319999999,
      "linear_solve_time_s": 0.004015666999998224,
      "nonlinear_update_time_s": 0.014078000000000479,
      "linear_relative_residual": 2.9322968228821225e-12,
      "nusselt": 0.9920524812228894,
      "rms_velocity": 0.08260130775801637
    },
    {
      "step": 15,
      "time": 0.0016000000000000005,
      "picard_iterations": 5,
      "assembly_time_s": 0.39060637500000084,
      "linear_solve_time_s": 0.003984209000001293,
      "nonlinear_update_time_s": 0.014221291000000136,
      "linear_relative_residual": 4.014555928337261e-12,
      "nusselt": 0.9920524840400771,
      "rms_velocity": 0.0826011769102401
    },
    {
      "step": 16,
      "time": 0.0017000000000000006,
      "picard_iterations": 5,
      "assembly_time_s": 0.39119275000000187,
      "linear_solve_time_s": 0.004167540999997499,
      "nonlinear_update_time_s": 0.014582915000001861,
      "linear_relative_residual": 2.0615869727179555e-12,
      "nusselt": 0.9920524868572649,