{
  "config": {
    "meta_epochs": 10,
    "meta_tasks": 30,
    "matrix_sizes": [
      100,
      225,
      400
    ],
    "contrasts": [
      1000.0,
      100000.0
    ]
  },
  "experiment_1": [
    {
      "matrix_size": 100,
      "errors": [
        0.0,
        0.66762125457026,
        0.6698294045802144,
        0.6708054752389613,
        0.6713867140036677,
        0.7512564023585726,
        0.6719054276722752,
        0.6727047917442087,
        0.6722140294771765,
        0.6717831116134388
      ],
      "mean_error": 0.6119506611258776,
      "std_error": 0.20538564525114264,
      "max_error": 0.7512564023585726
    },
    {
      "matrix_size": 225,
      "errors": [
        0.0,
        1.0369246061432777,
        1.039598090804389,
        1.0414832804174474,
        1.0426086513325632,
        5530.21968288734,
        77.33156845118303,
        0.6972188082948871,
        0.6975341519529494,
        1.0438384727291963
      ],
      "mean_error": 561.4150457400199,
      "std_error": 1656.4253006581598,
      "max_error": 5530.21968288734
    },
    {
      "matrix_size": 400,
      "errors": [
        0.0,
        1.309014888856176,
        1.3182281015542454,
        1.3213252535915638,
        1.3231740988554894,
        1.3273705061849783,
        1.3266283604442384,
        1.3272517794695917,
        7607.7690397588485,
        1038.4954843444596
      ],
      "mean_error": 865.5517517092264,
      "std_error": 2268.586267168079,
      "max_error": 7607.7690397588485
    }
  ]
}