{
  "config": {
    "meta_epochs": 10,
    "meta_tasks": 30,
    "matrix_sizes": [
      100,
      225,
      400
    ],
    "contrasts": [
      1000.0,
      100000.0
    ]
  },
  "experiment_1": [
    {
      "matrix_size": 100,
      "traditional": {
        "iterations_mean": 1.0,
        "residual_norm_mean": 2.309115106761582e-11,
        "total_time_mean": 0.00012812614440917968
      },
      "reuse": {
        "errors": [
          0.0,
          0.0,
          0.0,
          0.0,
          0.0,
          0.0,
          0.0,
          0.0,
          0.0,
          0.0
        ],
        "mean_error": 0.0,
        "max_error": 0.0,
        "iterations_mean": 1.0,
        "residual_norm_mean": 2.309115106761582e-11,
        "fallback_rate": 0.0
      },
      "zero_shot": {
        "errors": [
          0.0,
          0.0,
          0.0,
          0.0,
          0.0,
          0.0,
          0.0,
          0.0,
          0.0,
          0.0
        ],
        "mean_error": 0.0,
        "max_error": 0.0,
        "iterations_mean": 1.0,
        "residual_norm_mean": 2.309115106761582e-11,
        "fallback_rate": 0.0
      },
      "adapted": {
        "errors": [
          0.0,
          0.0,
          0.0,
          0.0,
          0.0,
          0.0,
          0.0,
          0.0,
          0.0,
          0.0
        ],
        "mean_error": 0.0,
        "max_error": 0.0,
        "iterations_mean": 1.0,
        "residual_norm_mean": 2.309115106761582e-11,
        "fallback_rate": 0.0
      }
    },
    {
      "matrix_size": 225,
      "traditional": {
        "iterations_mean": 100.0,
        "residual_norm_mean": 4.155503746021461e-05,
        "total_time_mean": 0.1259197473526001
      },
      "reuse": {
        "errors": [
          0.0,
          2.174914299062088e-07,
          2.939037581952117e-07,
          3.509846445752911e-07,
          3.985493757147369e-07,
          8.231512050886875e-08,
          8.769612872859512e-07,
          1.453062325981654e-07,
          5.701157666220514e-07,
          4.4017928714341207e-07
        ],
        "mean_error": 3.3758069025498974e-07,
        "max_error": 8.769612872859512e-07,
        "iterations_mean": 10.9,
        "residual_norm_mean": 1.7662890771907433e-08,
        "fallback_rate": 0.0
      },
      "zero_shot": {
        "errors": [
          0.0,
          0.001995335421823438,
          0.001407753161061419,
          0.003012666739537943,
          0.003990497984771096,
          0.00013442884323929482,
          0.00058990843379052,
          0.0002647025280045401,
          0.0034665180663391447,
          0.004139942825978892
        ],
        "mean_error": 0.001900175400454629,
        "max_error": 0.004139942825978892,
        "iterations_mean": 100.0,
        "residual_norm_mean": 0.991943717978873,
        "fallback_rate": 0.0
      },
      "adapted": {
        "errors": [
          0.0,
          0.0006515831877136819,
          0.002505512335007936,
          0.0025838650981103123,
          0.003990497984775014,
          0.00013399925105299931,
          0.0002333328104986561,
          0.00025731531986872085,
          0.0033601130078639743,
          0.004441270900740577
        ],
        "mean_error": 0.0018157489895631873,
        "max_error": 0.004441270900740577,
        "iterations_mean": 100.0,
        "residual_norm_mean": 0.9949587578294953,
        "fallback_rate": 0.0
      }
    },
    {
      "matrix_size": 400,
      "traditional": {
        "iterations_mean": 100.0,
        "residual_norm_mean": 0.6241627816884903,
        "total_time_mean": 0.308923602104187
      },
      "reuse": {
        "errors": [
          0.0,
          4.6835809614534005e-05,
          6.260272240157592e-05,
          7.321511443440424e-05,
          8.45300459760809e-05,
          0.00016376493516909844,
          0.0017605463740892136,
          0.0001086990763469527,
          0.0019663217662061203,
          9.320530245758719e-05
        ],
        "mean_error": 0.00043597211466955675,
        "max_error": 0.0019663217662061203,
        "iterations_mean": 10.9,
        "residual_norm_mean": 0.0005678811854009588,
        "fallback_rate": 0.0
      },
      "zero_shot": {
        "errors": [
          0.0,
          0.0905705616665098,
          0.05623727889277074,
          0.11883815668464702,
          0.06205515220641064,
          0.033881081574491906,
          0.007184655894801742,
          0.16218403110543192,
          0.008143103085892847,
          0.10687844784012218
        ],
        "mean_error": 0.06459724689510789,
        "max_error": 0.16218403110543192,
        "iterations_mean": 100.0,
        "residual_norm_mean": 13.759689263110264,
        "fallback_rate": 0.0
      },
      "adapted": {
        "errors": [
          0.0,
          0.04056371690222644,
          0.09572456935102087,
          0.11208282789903726,
          0.053121202698404625,
          0.03213750284880982,
          0.007906550678372246,
          0.1270704337277151,
          0.008967507981360113,
          0.12347491451427783
        ],
        "mean_error": 0.06010492266012243,
        "max_error": 0.1270704337277151,
        "iterations_mean": 100.0,
        "residual_norm_mean": 12.39735047981571,
        "fallback_rate": 0.0
      }
    }
  ]
}