{
  "status": "success",
  "method": "direct",
  "backend": "internal",
  "hierarchy_policy": "fresh",
  "dimension": 2,
  "mesh_mode": "structured",
  "viscosity_mode": "temperature_dependent",
  "n": 2,
  "seed": 0,
  "repeat": 0,
  "n_steps": 2,
  "picard_iterations_per_step_limit": 2,
  "viscosity_contrast": 100.0,
  "peak_rss_bytes": 177061888,
  "method_rss_baseline_bytes": 174424064,
  "method_peak_rss_bytes": 175079424,
  "method_peak_rss_delta_bytes": 655360,
  "wall_time_s": 0.024269499999999944,
  "total_assembly_time_s": 0.02144125000000008,
  "total_linear_solve_time_s": 0.0003723750000002024,
  "total_nonlinear_update_time_s": 0.0007832489999999304,
  "total_block_setup_time_s": 0.0,
  "total_picard_iterations": 4,
  "velocity_solve_calls": 0,
  "avg_picard_iterations_per_step": 2.0,
  "amortized_wall_time_per_step_s": 0.012134749999999972,
  "amortized_linear_solve_time_per_step_s": 0.0001861875000001012,
  "amortized_setup_time_per_step_s": 0.0,
  "amortized_setup_time_per_velocity_solve_s": 0.0,
  "amortized_linear_solve_time_per_picard_s": 9.30937500000506e-05,
  "max_linear_relative_residual": 6.251631766610331e-16,
  "final_nusselt": 1.020873897510446,
  "final_rms_velocity": 0.09321156191123135,
  "final_temperature_min": 0.0,
  "final_temperature_max": 1.0,
  "quality_accepted": true,
  "direct_reference_fallbacks": 0,
  "block_stats": {},
  "step_metrics": [
    {
      "step": 0,
      "time": 0.0001,
      "picard_iterations": 2,
      "assembly_time_s": 0.011098459000000283,
      "linear_solve_time_s": 0.00022954200000024905,
      "nonlinear_update_time_s": 0.00040358299999998515,
      "linear_relative_residual": 6.251631766610331e-16,
      "nusselt": 1.0208744887298336,
      "rms_velocity": 0.09321213940958178
    },
    {
      "step": 1,
      "time": 0.0002,
      "picard_iterations": 2,
      "assembly_time_s": 0.010342790999999796,
      "linear_solve_time_s": 0.00014283299999995336,
      "nonlinear_update_time_s": 0.0003796659999999452,
      "linear_relative_residual": 3.0317565631370365e-16,
      "nusselt": 1.020873897510446,
      "rms_velocity": 0.09321156191123135
    }
  ],
  "final_temperature_field": [
    1.0,
    1.0,
    1.0,
    0.5224098795742588,
    0.5186747999728449,
    0.4902252799020732,
    0.0,
    0.0,
    0.0
  ],
  "final_solution_field": [
    0.0,
    0.0,
    1.5564195664777611,
    1.0,
    -0.08619739360042254,
    0.0,
    0.0,
    1.0,
    0.0,
    0.0,
    -0.49277714473808226,
    1.0,
    0.0,
    0.12110865241619102,
    2.751011978793916,
    0.5,
    0.04836042232664815,
    -0.01394273057139521,
    1.719385145519122,
    0.5,
    0.0,
    -0.22694945789926296,
    0.9631394140407736,
    0.5,
    0.0,
    0.0,
    -7.42270870615393,
    0.0,
    0.0453770259893954,
    0.0,
    -0.008224185072774226,
    0.0,
    0.0,
    0.0,
    13.053670570570706,
    0.0
  ],
  "n_nodes": 9,
  "n_elements": 8,
  "velocity_dofs": 18,
  "stokes_dofs": 27,
  "thermo_stokes_dofs": 36,
  "subprocess_wall_time_s": 1.140045208
}