{
  "status": "success",
  "method": "direct",
  "backend": "internal",
  "hierarchy_policy": "fresh",
  "dimension": 3,
  "mesh_mode": "structured",
  "viscosity_mode": "temperature_dependent",
  "n": 2,
  "seed": 0,
  "repeat": 0,
  "n_steps": 2,
  "picard_iterations_per_step_limit": 2,
  "viscosity_contrast": 100.0,
  "peak_rss_bytes": 177176576,
  "method_rss_baseline_bytes": 174522368,
  "method_peak_rss_bytes": 175407104,
  "method_peak_rss_delta_bytes": 884736,
  "wall_time_s": 0.34460641699999983,
  "total_assembly_time_s": 0.32563000100000017,
  "total_linear_solve_time_s": 0.0012374600000000235,
  "total_nonlinear_update_time_s": 0.00496866699999976,
  "total_block_setup_time_s": 0.0,
  "total_picard_iterations": 4,
  "velocity_solve_calls": 0,
  "avg_picard_iterations_per_step": 2.0,
  "amortized_wall_time_per_step_s": 0.17230320849999992,
  "amortized_linear_solve_time_per_step_s": 0.0006187300000000118,
  "amortized_setup_time_per_step_s": 0.0,
  "amortized_setup_time_per_velocity_solve_s": 0.0,
  "amortized_linear_solve_time_per_picard_s": 0.0003093650000000059,
  "max_linear_relative_residual": 7.70640573799361e-15,
  "final_nusselt": 1.0110177452626028,
  "final_rms_velocity": 0.08363882650350918,
  "final_temperature_min": 0.0,
  "final_temperature_max": 1.0,
  "quality_accepted": true,
  "direct_reference_fallbacks": 0,
  "block_stats": {},
  "step_metrics": [
    {
      "step": 0,
      "time": 0.0001,
      "picard_iterations": 2,
      "assembly_time_s": 0.16161366700000013,
      "linear_solve_time_s": 0.0006432510000000669,
      "nonlinear_update_time_s": 0.002501374999999806,
      "linear_relative_residual": 7.70640573799361e-15,
      "nusselt": 1.011017970424919,
      "rms_velocity": 0.0836389950404359
    },
    {
      "step": 1,
      "time": 0.0002,
      "picard_iterations": 2,
      "assembly_time_s": 0.16401633400000004,
      "linear_solve_time_s": 0.0005942089999999567,
      "nonlinear_update_time_s": 0.0024672919999999543,
      "linear_relative_residual": 4.677719092630781e-15,
      "nusselt": 1.0110177452626028,
      "rms_velocity": 0.08363882650350918
    }
  ],
  "final_temperature_field": [
    1.0,
    1.0,
    1.0,
    1.0,
    1.0,
    1.0,
    1.0,
    1.0,
    1.0,
    0.504106389041498,
    0.5014406357399421,
    0.5145426892813262,
    0.5076105640903158,
    0.5012162516866958,
    0.5044379834198655,
    0.5033366893842627,
    0.5149401211152566,
    0.49794751669772946,
    0.0,
    0.0,
    0.0,
    0.0,
    0.0,
    0.0,
    0.0,
    0.0,
    0.0
  ],
  "final_solution_field": [
    0.0,
    0.0,
    0.0,
    -0.8264447324511113,
    1.0,
    -0.03241256850508664,
    0.0,
    0.0,
    -0.34811864320482966,
    1.0,
    0.0,
    0.0,
    0.0,
    -0.2617832002078302,
    1.0,
    0.0,
    -0.03305468600221799,
    0.0,
    -0.33437418966687094,
    1.0,
    -0.0378942306300558,
    -0.03931186164917695,
    0.0,
    0.0,
    1.0,
    0.0,
    -0.0404681979766745,
    0.0,
    -0.017019493746267322,
    1.0,
    0.0,
    0.0,
    0.0,
    -0.24733872745584143,
    1.0,
    -0.03910874768842451,
    0.0,
    0.0,
    -0.02284821280559296,
    1.0,
    0.0,
    0.0,
    0.0,
    0.0059471534765522145,
    1.0,
    0.0,
    0.0,
    0.13610497485646486,
    -0.7189312097710534,
    0.4999999999999999,
    0.007016954886701413,
    0.0,
    0.08803754918160094,
    -1.6187878518987877,
    0.5,
    0.0,
    0.0,
    0.003661924731168137,
    -2.0124328400676883,
    0.49999999999999994,
    0.0,
    0.007123360042183707,
    0.08593776306708978,
    -1.6270911282978506,
    0.49999999999999994,
    0.0018003822413111413,
    0.0019222091360991836,
    -0.01582915711294762,
    -1.8391694411199746,
    0.49999999999999983,
    0.0,
    -0.008261770548830875,
    -0.15381398016869569,
    -1.7497588292246964,
    0.4999999999999998,
    0.0,
    0.0,
    0.0039868355204986106,
    -2.0234358145249347,
    0.4999999999999998,
    -0.008794701528878545,
    0.0,
    -0.16045495335563845,
    -1.7461505557748358,
    0.4999999999999997,
    0.0,
    0.0,
    -0.3086258653855002,
    -1.6431199984959317,
    0.4999999999999998,
    0.0,
    0.0,
    0.0,
    13.20059618852409,
    0.0,
    0.014515398332201545,
    0.0,
    0.0,
    9.11483276842814,
    0.0,
    0.0,
    0.0,
    0.0,
    1.0383803478592752,
    0.0,
    0.0,
    0.014924662158647406,
    0.0,
    8.987372418982144,
    0.0,
    0.01621913227856106,
    0.016590094182304796,
    0.0,
    3.8510150194362835,
    0.0,
    0.0,
    0.019614729555459842,
    0.0,
    -5.8012635386160865,
    0.0,
    0.0,
    0.0,
    0.0,
    0.8356007206410725,
    0.0,
    0.019537121961666896,
    0.0,
    0.0,
    -6.074917922072989,
    0.0,
    0.0,
    0.0,
    0.0,
    -19.244332765304787,
    0.0
  ],
  "n_nodes": 27,
  "n_elements": 48,
  "velocity_dofs": 81,
  "stokes_dofs": 108,
  "thermo_stokes_dofs": 135,
  "subprocess_wall_time_s": 1.446492375
}